{
  "ABIRoot": {
    "kind": "Root",
    "name": "MediaPipeTasksVisionBuilder",
    "printedName": "MediaPipeTasksVisionBuilder",
    "children": [
      {
        "kind": "Import",
        "name": "Foundation",
        "printedName": "Foundation",
        "declKind": "Import",
        "moduleName": "MediaPipeTasksVisionBuilder",
        "declAttributes": [
          "RawDocComment"
        ]
      },
      {
        "kind": "Import",
        "name": "MediaPipeTasksVision",
        "printedName": "MediaPipeTasksVision",
        "declKind": "Import",
        "moduleName": "MediaPipeTasksVisionBuilder"
      },
      {
        "kind": "TypeDecl",
        "name": "MediaPipeWrapper",
        "printedName": "MediaPipeWrapper",
        "children": [
          {
            "kind": "Constructor",
            "name": "init",
            "printedName": "init()",
            "children": [
              {
                "kind": "TypeNominal",
                "name": "MediaPipeWrapper",
                "printedName": "MediaPipeTasksVisionBuilder.MediaPipeWrapper",
                "usr": "s:27MediaPipeTasksVisionBuilder0aB7WrapperC"
              }
            ],
            "declKind": "Constructor",
            "usr": "s:27MediaPipeTasksVisionBuilder0aB7WrapperCACycfc",
            "mangledName": "$s27MediaPipeTasksVisionBuilder0aB7WrapperCACycfc",
            "moduleName": "MediaPipeTasksVisionBuilder",
            "declAttributes": [
              "AccessControl"
            ],
            "init_kind": "Designated"
          },
          {
            "kind": "Function",
            "name": "ping",
            "printedName": "ping()",
            "children": [
              {
                "kind": "TypeNominal",
                "name": "String",
                "printedName": "Swift.String",
                "usr": "s:SS"
              }
            ],
            "declKind": "Func",
            "usr": "s:27MediaPipeTasksVisionBuilder0aB7WrapperC4pingSSyF",
            "mangledName": "$s27MediaPipeTasksVisionBuilder0aB7WrapperC4pingSSyF",
            "moduleName": "MediaPipeTasksVisionBuilder",
            "declAttributes": [
              "AccessControl"
            ],
            "funcSelfKind": "NonMutating"
          }
        ],
        "declKind": "Class",
        "usr": "s:27MediaPipeTasksVisionBuilder0aB7WrapperC",
        "mangledName": "$s27MediaPipeTasksVisionBuilder0aB7WrapperC",
        "moduleName": "MediaPipeTasksVisionBuilder",
        "declAttributes": [
          "AccessControl"
        ],
        "conformances": [
          {
            "kind": "Conformance",
            "name": "Copyable",
            "printedName": "Copyable",
            "usr": "s:s8CopyableP",
            "mangledName": "$ss8CopyableP"
          },
          {
            "kind": "Conformance",
            "name": "Escapable",
            "printedName": "Escapable",
            "usr": "s:s9EscapableP",
            "mangledName": "$ss9EscapableP"
          }
        ]
      }
    ],
    "json_format_version": 8
  },
  "ConstValues": []
}